user_id,password,role
michael.smith@sjsu.edu,welcomemichael,student
david.williams@sjsu.edu,welcomedavid,student
michael.martinez@sjsu.edu,welcomemichael,student
alex.smith@sjsu.edu,welcomealex,student
alex.brown@sjsu.edu,welcomealex,student
jane.garcia@sjsu.edu,welcomejane,student
emily.garcia@sjsu.edu,welcomeemily,student
emma.rodriguez@sjsu.edu,welcomeemma,student
david.brown@sjsu.edu,welcomedavid,student
alex.miller@sjsu.edu,welcomealex,student
david.johnson@sjsu.edu,welcomedavid,student
sarah.garcia@sjsu.edu,welcomesarah,student
laura.johnson@sjsu.edu,welcomelaura,student
laura.martinez@sjsu.edu,welcomelaura,student
laura.williams@sjsu.edu,welcomelaura,student
robert.jones@sjsu.edu,welcomerobert,student
john.williams@sjsu.edu,welcomejohn,student
john.jones@sjsu.edu,welcomejohn,student
john.williams1@sjsu.edu,welcomejohn,student
robert.miller@sjsu.edu,welcomerobert,student
laura.williams1@sjsu.edu,welcomelaura,student
david.miller@sjsu.edu,welcomedavid,student
jane.brown@sjsu.edu,welcomejane,student
alex.davis@sjsu.edu,welcomealex,student
alex.miller1@sjsu.edu,welcomealex,student
michael.williams@sjsu.edu,welcomemichael,student
laura.smith@sjsu.edu,welcomelaura,student
emma.garcia@sjsu.edu,welcomeemma,student
david.miller1@sjsu.edu,welcomedavid,student
sarah.smith@sjsu.edu,welcomesarah,student
alex.davis1@sjsu.edu,welcomealex,student
robert.rodriguez@sjsu.edu,welcomerobert,student
john.garcia@sjsu.edu,welcomejohn,student
alex.davis2@sjsu.edu,welcomealex,student
emily.rodriguez@sjsu.edu,welcomeemily,student
david.rodriguez@sjsu.edu,welcomedavid,student
michael.rodriguez@sjsu.edu,welcomemichael,student
sarah.brown@sjsu.edu,welcomesarah,student
robert.johnson@sjsu.edu,welcomerobert,student
michael.rodriguez1@sjsu.edu,welcomemichael,student
alex.martinez@sjsu.edu,welcomealex,student
michael.williams1@sjsu.edu,welcomemichael,student
emily.miller@sjsu.edu,welcomeemily,student
jane.brown1@sjsu.edu,welcomejane,student
david.miller2@sjsu.edu,welcomedavid,student
emily.williams@sjsu.edu,welcomeemily,student
john.rodriguez@sjsu.edu,welcomejohn,student
robert.johnson1@sjsu.edu,welcomerobert,student
emily.martinez@sjsu.edu,welcomeemily,student
david.jones@sjsu.edu,welcomedavid,student
michael.williams2@sjsu.edu,welcomemichael,student
jane.smith@sjsu.edu,welcomejane,student
david.johnson1@sjsu.edu,welcomedavid,student
john.williams2@sjsu.edu,welcomejohn,student
alex.rodriguez@sjsu.edu,welcomealex,student
laura.johnson1@sjsu.edu,welcomelaura,student
sarah.johnson@sjsu.edu,welcomesarah,student
david.miller3@sjsu.edu,welcomedavid,student
robert.rodriguez1@sjsu.edu,welcomerobert,student
alex.jones@sjsu.edu,welcomealex,student
david.brown1@sjsu.edu,welcomedavid,student
sarah.jones@sjsu.edu,welcomesarah,student
sarah.garcia1@sjsu.edu,welcomesarah,student
michael.garcia@sjsu.edu,welcomemichael,student
laura.brown@sjsu.edu,welcomelaura,student
emily.miller1@sjsu.edu,welcomeemily,student
emma.brown@sjsu.edu,welcomeemma,student
jane.martinez@sjsu.edu,welcomejane,student
alex.davis3@sjsu.edu,welcomealex,student
emma.martinez@sjsu.edu,welcomeemma,student
david.davis@sjsu.edu,welcomedavid,student
jane.martinez1@sjsu.edu,welcomejane,student
robert.miller1@sjsu.edu,welcomerobert,student
david.williams1@sjsu.edu,welcomedavid,student
alex.smith1@sjsu.edu,welcomealex,student
sarah.jones1@sjsu.edu,welcomesarah,student
jane.johnson@sjsu.edu,welcomejane,student
michael.garcia1@sjsu.edu,welcomemichael,student
emily.johnson@sjsu.edu,welcomeemily,student
michael.smith1@sjsu.edu,welcomemichael,student
john.garcia1@sjsu.edu,welcomejohn,student
david.miller4@sjsu.edu,welcomedavid,student
robert.martinez@sjsu.edu,welcomerobert,student
robert.smith@sjsu.edu,welcomerobert,student
jane.johnson1@sjsu.edu,welcomejane,student
david.jones1@sjsu.edu,welcomedavid,student
michael.smith2@sjsu.edu,welcomemichael,student
emma.williams@sjsu.edu,welcomeemma,student
john.miller@sjsu.edu,welcomejohn,student
michael.davis@sjsu.edu,welcomemichael,student
sarah.smith1@sjsu.edu,welcomesarah,student
jane.davis@sjsu.edu,welcomejane,student
laura.martinez1@sjsu.edu,welcomelaura,student
laura.garcia@sjsu.edu,welcomelaura,student
jane.rodriguez@sjsu.edu,welcomejane,student
sarah.davis@sjsu.edu,welcomesarah,student
laura.williams2@sjsu.edu,welcomelaura,student
emily.garcia1@sjsu.edu,welcomeemily,student
emily.davis@sjsu.edu,welcomeemily,student
michael.martinez1@sjsu.edu,welcomemichael,student
david.martinez@sjsu.edu,welcomedavid,student
robert.jones1@sjsu.edu,welcomerobert,student
emily.davis1@sjsu.edu,welcomeemily,student
alex.miller2@sjsu.edu,welcomealex,student
emma.jones@sjsu.edu,welcomeemma,student
michael.miller@sjsu.edu,welcomemichael,student
alex.johnson@sjsu.edu,welcomealex,student
jane.jones@sjsu.edu,welcomejane,student
laura.johnson2@sjsu.edu,welcomelaura,student
alex.williams@sjsu.edu,welcomealex,student
john.garcia2@sjsu.edu,welcomejohn,student
laura.williams3@sjsu.edu,welcomelaura,student
david.miller5@sjsu.edu,welcomedavid,student
emma.garcia1@sjsu.edu,welcomeemma,student
laura.davis@sjsu.edu,welcomelaura,student
sarah.jones2@sjsu.edu,welcomesarah,student
david.miller6@sjsu.edu,welcomedavid,student
alex.johnson1@sjsu.edu,welcomealex,student
john.jones1@sjsu.edu,welcomejohn,student
jane.smith1@sjsu.edu,welcomejane,student
david.smith@sjsu.edu,welcomedavid,student
alex.jones1@sjsu.edu,welcomealex,student
david.williams2@sjsu.edu,welcomedavid,student
jane.johnson2@sjsu.edu,welcomejane,student
sarah.jones3@sjsu.edu,welcomesarah,student
laura.martinez2@sjsu.edu,welcomelaura,student
jane.smith2@sjsu.edu,welcomejane,student
emily.martinez1@sjsu.edu,welcomeemily,student
alex.smith2@sjsu.edu,welcomealex,student
michael.martinez2@sjsu.edu,welcomemichael,student
david.davis1@sjsu.edu,welcomedavid,student
alex.martinez1@sjsu.edu,welcomealex,student
alex.jones2@sjsu.edu,welcomealex,student
david.johnson2@sjsu.edu,welcomedavid,student
emily.jones@sjsu.edu,welcomeemily,student
robert.martinez1@sjsu.edu,welcomerobert,student
jane.johnson3@sjsu.edu,welcomejane,student
david.rodriguez1@sjsu.edu,welcomedavid,student
sarah.williams@sjsu.edu,welcomesarah,student
david.brown2@sjsu.edu,welcomedavid,student
alex.jones3@sjsu.edu,welcomealex,student
john.rodriguez1@sjsu.edu,welcomejohn,student
michael.davis1@sjsu.edu,welcomemichael,student
robert.garcia@sjsu.edu,welcomerobert,student
laura.jones@sjsu.edu,welcomelaura,student
john.rodriguez2@sjsu.edu,welcomejohn,student
laura.smith1@sjsu.edu,welcomelaura,student
emma.davis@sjsu.edu,welcomeemma,student
laura.davis1@sjsu.edu,welcomelaura,student
laura.martinez3@sjsu.edu,welcomelaura,student
alex.martinez2@sjsu.edu,welcomealex,student
robert.miller2@sjsu.edu,welcomerobert,student
laura.johnson3@sjsu.edu,welcomelaura,student
david.rodriguez2@sjsu.edu,welcomedavid,student
emily.brown@sjsu.edu,welcomeemily,student
emily.miller2@sjsu.edu,welcomeemily,student
jane.johnson4@sjsu.edu,welcomejane,student
david.smith1@sjsu.edu,welcomedavid,student
jane.garcia1@sjsu.edu,welcomejane,student
alex.brown1@sjsu.edu,welcomealex,student
michael.johnson@sjsu.edu,welcomemichael,student
alex.brown2@sjsu.edu,welcomealex,student
emma.brown1@sjsu.edu,welcomeemma,student
michael.brown@sjsu.edu,welcomemichael,student
emma.martinez1@sjsu.edu,welcomeemma,student
alex.garcia@sjsu.edu,welcomealex,student
sarah.smith2@sjsu.edu,welcomesarah,student
emma.martinez2@sjsu.edu,welcomeemma,student
david.johnson3@sjsu.edu,welcomedavid,student
laura.smith2@sjsu.edu,welcomelaura,student
laura.davis2@sjsu.edu,welcomelaura,student
john.davis@sjsu.edu,welcomejohn,student
robert.miller3@sjsu.edu,welcomerobert,student
alex.rodriguez1@sjsu.edu,welcomealex,student
sarah.rodriguez@sjsu.edu,welcomesarah,student
emma.davis1@sjsu.edu,welcomeemma,student
alex.smith3@sjsu.edu,welcomealex,student
emily.brown1@sjsu.edu,welcomeemily,student
david.martinez1@sjsu.edu,welcomedavid,student
david.smith2@sjsu.edu,welcomedavid,student
robert.jones2@sjsu.edu,welcomerobert,student
john.brown@sjsu.edu,welcomejohn,student
sarah.garcia2@sjsu.edu,welcomesarah,student
sarah.brown1@sjsu.edu,welcomesarah,student
michael.martinez3@sjsu.edu,welcomemichael,student
michael.johnson1@sjsu.edu,welcomemichael,student
alex.jones4@sjsu.edu,welcomealex,student
jane.jones1@sjsu.edu,welcomejane,student
robert.smith1@sjsu.edu,welcomerobert,student
jane.brown2@sjsu.edu,welcomejane,student
michael.johnson2@sjsu.edu,welcomemichael,student
jane.brown3@sjsu.edu,welcomejane,student
robert.miller4@sjsu.edu,welcomerobert,student
jane.davis1@sjsu.edu,welcomejane,student
robert.martinez2@sjsu.edu,welcomerobert,student
john.jones2@sjsu.edu,welcomejohn,student
emma.smith@sjsu.edu,welcomeemma,student
laura.garcia1@sjsu.edu,welcomelaura,student
alex.jones5@sjsu.edu,welcomealex,student
laura.brown1@sjsu.edu,welcomelaura,student
david.davis2@sjsu.edu,welcomedavid,student
michael.davis2@sjsu.edu,welcomemichael,student
jane.johnson5@sjsu.edu,welcomejane,student
sarah.jones4@sjsu.edu,welcomesarah,student
sarah.johnson1@sjsu.edu,welcomesarah,student
david.jones2@sjsu.edu,welcomedavid,student
emma.rodriguez1@sjsu.edu,welcomeemma,student
emily.johnson1@sjsu.edu,welcomeemily,student
emily.jones1@sjsu.edu,welcomeemily,student
alex.martinez3@sjsu.edu,welcomealex,student
alex.smith4@sjsu.edu,welcomealex,student
john.williams3@sjsu.edu,welcomejohn,student
david.smith3@sjsu.edu,welcomedavid,student
david.davis3@sjsu.edu,welcomedavid,student
laura.jones1@sjsu.edu,welcomelaura,student
emma.jones1@sjsu.edu,welcomeemma,student
david.jones3@sjsu.edu,welcomedavid,student
jane.miller@sjsu.edu,welcomejane,student
robert.garcia1@sjsu.edu,welcomerobert,student
jane.smith3@sjsu.edu,welcomejane,student
emily.davis2@sjsu.edu,welcomeemily,student
michael.davis3@sjsu.edu,welcomemichael,student
emily.martinez2@sjsu.edu,welcomeemily,student
alex.martinez4@sjsu.edu,welcomealex,student
emma.davis2@sjsu.edu,welcomeemma,student
david.smith4@sjsu.edu,welcomedavid,student
emma.miller@sjsu.edu,welcomeemma,student
michael.garcia2@sjsu.edu,welcomemichael,student
laura.davis3@sjsu.edu,welcomelaura,student
john.garcia3@sjsu.edu,welcomejohn,student
alex.garcia1@sjsu.edu,welcomealex,student
emily.garcia2@sjsu.edu,welcomeemily,student
emma.davis3@sjsu.edu,welcomeemma,student
emma.brown2@sjsu.edu,welcomeemma,student
emma.smith1@sjsu.edu,welcomeemma,student
emma.brown3@sjsu.edu,welcomeemma,student
john.johnson@sjsu.edu,welcomejohn,student
jane.davis2@sjsu.edu,welcomejane,student
sarah.rodriguez1@sjsu.edu,welcomesarah,student
michael.rodriguez2@sjsu.edu,welcomemichael,student
emma.martinez3@sjsu.edu,welcomeemma,student
david.jones4@sjsu.edu,welcomedavid,student
jane.rodriguez1@sjsu.edu,welcomejane,student
emma.miller1@sjsu.edu,welcomeemma,student
jane.williams@sjsu.edu,welcomejane,student
michael.miller1@sjsu.edu,welcomemichael,student
michael.smith3@sjsu.edu,welcomemichael,student
david.garcia@sjsu.edu,welcomedavid,student
emily.miller3@sjsu.edu,welcomeemily,student
john.williams4@sjsu.edu,welcomejohn,student
david.martinez2@sjsu.edu,welcomedavid,student
robert.williams@sjsu.edu,welcomerobert,student
emma.smith2@sjsu.edu,welcomeemma,student
jane.garcia2@sjsu.edu,welcomejane,student
laura.brown2@sjsu.edu,welcomelaura,student
david.brown3@sjsu.edu,welcomedavid,student
michael.smith4@sjsu.edu,welcomemichael,student
emily.martinez3@sjsu.edu,welcomeemily,student
john.jones3@sjsu.edu,welcomejohn,student
alex.davis4@sjsu.edu,welcomealex,student
emily.davis3@sjsu.edu,welcomeemily,student
michael.brown1@sjsu.edu,welcomemichael,student
david.johnson4@sjsu.edu,welcomedavid,student
emma.davis4@sjsu.edu,welcomeemma,student
alex.miller3@sjsu.edu,welcomealex,student
david.brown4@sjsu.edu,welcomedavid,student
sarah.williams1@sjsu.edu,welcomesarah,student
robert.brown@sjsu.edu,welcomerobert,student
robert.johnson2@sjsu.edu,welcomerobert,student
robert.jones3@sjsu.edu,welcomerobert,student
robert.martinez3@sjsu.edu,welcomerobert,student
sarah.williams2@sjsu.edu,welcomesarah,student
emma.garcia2@sjsu.edu,welcomeemma,student
sarah.rodriguez2@sjsu.edu,welcomesarah,student
laura.miller@sjsu.edu,welcomelaura,student
emily.williams1@sjsu.edu,welcomeemily,student
david.garcia1@sjsu.edu,welcomedavid,student
robert.martinez4@sjsu.edu,welcomerobert,student
alex.williams1@sjsu.edu,welcomealex,student
michael.miller2@sjsu.edu,welcomemichael,student
alex.johnson2@sjsu.edu,welcomealex,student
emily.garcia3@sjsu.edu,welcomeemily,student
john.jones4@sjsu.edu,welcomejohn,student
jane.williams1@sjsu.edu,welcomejane,student
alex.johnson3@sjsu.edu,welcomealex,student
emma.martinez4@sjsu.edu,welcomeemma,student
john.jones5@sjsu.edu,welcomejohn,student
alex.brown3@sjsu.edu,welcomealex,student
david.jones5@sjsu.edu,welcomedavid,student
alex.garcia2@sjsu.edu,welcomealex,student
david.williams3@sjsu.edu,welcomedavid,student
john.martinez@sjsu.edu,welcomejohn,student
laura.jones2@sjsu.edu,welcomelaura,student
laura.jones3@sjsu.edu,welcomelaura,student
alex.garcia3@sjsu.edu,welcomealex,student
john.miller1@sjsu.edu,welcomejohn,student
robert.garcia2@sjsu.edu,welcomerobert,student
michael.jones@sjsu.edu,welcomemichael,student
robert.smith2@sjsu.edu,welcomerobert,student
robert.davis@sjsu.edu,welcomerobert,student
michael.davis4@sjsu.edu,welcomemichael,student
david.davis4@sjsu.edu,welcomedavid,student
john.johnson1@sjsu.edu,welcomejohn,student
robert.jones4@sjsu.edu,welcomerobert,student
david.miller7@sjsu.edu,welcomedavid,student
michael.jones1@sjsu.edu,welcomemichael,student
laura.brown3@sjsu.edu,welcomelaura,student
emily.miller4@sjsu.edu,welcomeemily,student
michael.jones2@sjsu.edu,welcomemichael,student
robert.williams1@sjsu.edu,welcomerobert,student
emily.johnson2@sjsu.edu,welcomeemily,student
john.williams5@sjsu.edu,welcomejohn,student
sarah.garcia3@sjsu.edu,welcomesarah,student
michael.jones3@sjsu.edu,welcomemichael,student
laura.rodriguez@sjsu.edu,welcomelaura,student
emily.brown2@sjsu.edu,welcomeemily,student
john.jones6@sjsu.edu,welcomejohn,student
sarah.jones5@sjsu.edu,welcomesarah,student
alex.garcia4@sjsu.edu,welcomealex,student
emma.jones2@sjsu.edu,welcomeemma,student
emma.davis5@sjsu.edu,welcomeemma,student
robert.smith3@sjsu.edu,welcomerobert,student
emily.jones2@sjsu.edu,welcomeemily,student
david.martinez3@sjsu.edu,welcomedavid,student
jane.miller1@sjsu.edu,welcomejane,student
john.smith@sjsu.edu,welcomejohn,student
sarah.martinez@sjsu.edu,welcomesarah,student
david.rodriguez3@sjsu.edu,welcomedavid,student
emma.jones3@sjsu.edu,welcomeemma,student
john.johnson2@sjsu.edu,welcomejohn,student
sarah.smith3@sjsu.edu,welcomesarah,student
john.miller2@sjsu.edu,welcomejohn,student
sarah.smith4@sjsu.edu,welcomesarah,student
sarah.smith5@sjsu.edu,welcomesarah,student
david.brown5@sjsu.edu,welcomedavid,student
michael.rodriguez3@sjsu.edu,welcomemichael,student
alex.johnson4@sjsu.edu,welcomealex,student
sarah.brown2@sjsu.edu,welcomesarah,student
sarah.miller@sjsu.edu,welcomesarah,student
john.davis1@sjsu.edu,welcomejohn,student
john.davis2@sjsu.edu,welcomejohn,student
robert.rodriguez2@sjsu.edu,welcomerobert,student
emma.rodriguez2@sjsu.edu,welcomeemma,student
robert.smith4@sjsu.edu,welcomerobert,student
jane.miller2@sjsu.edu,welcomejane,student
laura.davis4@sjsu.edu,welcomelaura,student
michael.johnson3@sjsu.edu,welcomemichael,student
emma.garcia3@sjsu.edu,welcomeemma,student
sarah.martinez1@sjsu.edu,welcomesarah,student
robert.smith5@sjsu.edu,welcomerobert,student
alex.garcia5@sjsu.edu,welcomealex,student
jane.miller3@sjsu.edu,welcomejane,student
michael.rodriguez4@sjsu.edu,welcomemichael,student
michael.brown2@sjsu.edu,welcomemichael,student
sarah.smith6@sjsu.edu,welcomesarah,student
emily.smith@sjsu.edu,welcomeemily,student
michael.brown3@sjsu.edu,welcomemichael,student
alex.martinez5@sjsu.edu,welcomealex,student
alex.johnson5@sjsu.edu,welcomealex,student
david.jones6@sjsu.edu,welcomedavid,student
david.rodriguez4@sjsu.edu,welcomedavid,student
john.rodriguez3@sjsu.edu,welcomejohn,student
robert.johnson3@sjsu.edu,welcomerobert,student
john.smith1@sjsu.edu,welcomejohn,student
robert.jones5@sjsu.edu,welcomerobert,student
emily.rodriguez1@sjsu.edu,welcomeemily,student
david.brown6@sjsu.edu,welcomedavid,student
robert.rodriguez3@sjsu.edu,welcomerobert,student
laura.martinez4@sjsu.edu,welcomelaura,student
alex.davis5@sjsu.edu,welcomealex,student
jane.garcia3@sjsu.edu,welcomejane,student
emily.garcia4@sjsu.edu,welcomeemily,student
alex.martinez6@sjsu.edu,welcomealex,student
alex.williams2@sjsu.edu,welcomealex,student
emma.davis6@sjsu.edu,welcomeemma,student
david.davis5@sjsu.edu,welcomedavid,student
emily.johnson3@sjsu.edu,welcomeemily,student
emma.brown4@sjsu.edu,welcomeemma,student
sarah.martinez2@sjsu.edu,welcomesarah,student
david.martinez4@sjsu.edu,welcomedavid,student
alex.rodriguez2@sjsu.edu,welcomealex,student
sarah.miller1@sjsu.edu,welcomesarah,student
emily.smith1@sjsu.edu,welcomeemily,student
alex.davis6@sjsu.edu,welcomealex,student
laura.miller1@sjsu.edu,welcomelaura,student
sarah.rodriguez3@sjsu.edu,welcomesarah,student
jane.brown4@sjsu.edu,welcomejane,student
john.jones7@sjsu.edu,welcomejohn,student
david.jones7@sjsu.edu,welcomedavid,student
alex.brown4@sjsu.edu,welcomealex,student
sarah.jones6@sjsu.edu,welcomesarah,student
jane.jones2@sjsu.edu,welcomejane,student
jane.miller4@sjsu.edu,welcomejane,student
david.smith5@sjsu.edu,welcomedavid,student
david.jones8@sjsu.edu,welcomedavid,student
emma.jones4@sjsu.edu,welcomeemma,student
sarah.johnson2@sjsu.edu,welcomesarah,student
emma.brown5@sjsu.edu,welcomeemma,student
robert.martinez5@sjsu.edu,welcomerobert,student
sarah.jones7@sjsu.edu,welcomesarah,student
john.martinez1@sjsu.edu,welcomejohn,student
robert.rodriguez4@sjsu.edu,welcomerobert,student
john.johnson3@sjsu.edu,welcomejohn,student
laura.martinez5@sjsu.edu,welcomelaura,student
jane.jones3@sjsu.edu,welcomejane,student
sarah.jones8@sjsu.edu,welcomesarah,student
robert.smith6@sjsu.edu,welcomerobert,student
emma.brown6@sjsu.edu,welcomeemma,student
sarah.williams3@sjsu.edu,welcomesarah,student
alex.johnson6@sjsu.edu,welcomealex,student
michael.jones4@sjsu.edu,welcomemichael,student
john.rodriguez4@sjsu.edu,welcomejohn,student
jane.brown5@sjsu.edu,welcomejane,student
john.brown1@sjsu.edu,welcomejohn,student
emily.williams2@sjsu.edu,welcomeemily,student
michael.miller3@sjsu.edu,welcomemichael,student
emily.johnson4@sjsu.edu,welcomeemily,student
alex.brown5@sjsu.edu,welcomealex,student
laura.jones4@sjsu.edu,welcomelaura,student
michael.jones5@sjsu.edu,welcomemichael,student
david.garcia2@sjsu.edu,welcomedavid,student
emma.miller2@sjsu.edu,welcomeemma,student
emma.davis7@sjsu.edu,welcomeemma,student
laura.davis5@sjsu.edu,welcomelaura,student
david.johnson5@sjsu.edu,welcomedavid,student
laura.rodriguez1@sjsu.edu,welcomelaura,student
robert.brown1@sjsu.edu,welcomerobert,student
david.garcia3@sjsu.edu,welcomedavid,student
laura.smith3@sjsu.edu,welcomelaura,student
emily.garcia5@sjsu.edu,welcomeemily,student
laura.smith4@sjsu.edu,welcomelaura,student
laura.davis6@sjsu.edu,welcomelaura,student
john.jones8@sjsu.edu,welcomejohn,student
michael.rodriguez5@sjsu.edu,welcomemichael,student
david.davis6@sjsu.edu,welcomedavid,student
john.garcia4@sjsu.edu,welcomejohn,student
robert.smith7@sjsu.edu,welcomerobert,student
david.garcia4@sjsu.edu,welcomedavid,student
sarah.brown3@sjsu.edu,welcomesarah,student
sarah.williams4@sjsu.edu,welcomesarah,student
robert.johnson4@sjsu.edu,welcomerobert,student
sarah.williams5@sjsu.edu,welcomesarah,student
john.johnson4@sjsu.edu,welcomejohn,student
john.davis3@sjsu.edu,welcomejohn,student
jane.martinez2@sjsu.edu,welcomejane,student
michael.brown4@sjsu.edu,welcomemichael,student
robert.jones6@sjsu.edu,welcomerobert,student
john.jones9@sjsu.edu,welcomejohn,student
emily.brown3@sjsu.edu,welcomeemily,student
john.rodriguez5@sjsu.edu,welcomejohn,student
alex.davis7@sjsu.edu,welcomealex,student
laura.garcia2@sjsu.edu,welcomelaura,student
david.martinez5@sjsu.edu,welcomedavid,student
john.davis4@sjsu.edu,welcomejohn,student
emma.brown7@sjsu.edu,welcomeemma,student
alex.miller4@sjsu.edu,welcomealex,student
emily.smith2@sjsu.edu,welcomeemily,student
emma.jones5@sjsu.edu,welcomeemma,student
alex.jones6@sjsu.edu,welcomealex,student
david.williams4@sjsu.edu,welcomedavid,student
emily.johnson5@sjsu.edu,welcomeemily,student
emily.garcia6@sjsu.edu,welcomeemily,student
david.miller8@sjsu.edu,welcomedavid,student
michael.rodriguez6@sjsu.edu,welcomemichael,student
robert.smith8@sjsu.edu,welcomerobert,student
alex.williams3@sjsu.edu,welcomealex,student
michael.garcia3@sjsu.edu,welcomemichael,student
michael.jones6@sjsu.edu,welcomemichael,student
emma.jones6@sjsu.edu,welcomeemma,student
laura.jones5@sjsu.edu,welcomelaura,student
john.rodriguez6@sjsu.edu,welcomejohn,student
michael.miller4@sjsu.edu,welcomemichael,student
alex.davis8@sjsu.edu,welcomealex,student
sarah.johnson3@sjsu.edu,welcomesarah,student
alex.brown6@sjsu.edu,welcomealex,student
jane.rodriguez2@sjsu.edu,welcomejane,student
emma.jones7@sjsu.edu,welcomeemma,student
laura.williams4@sjsu.edu,welcomelaura,student
michael.garcia4@sjsu.edu,welcomemichael,student
emma.davis8@sjsu.edu,welcomeemma,student
michael.brown5@sjsu.edu,welcomemichael,student
michael.davis5@sjsu.edu,welcomemichael,student
david.williams5@sjsu.edu,welcomedavid,student
alex.rodriguez3@sjsu.edu,welcomealex,student
robert.johnson5@sjsu.edu,welcomerobert,student
sarah.garcia4@sjsu.edu,welcomesarah,student
sarah.williams6@sjsu.edu,welcomesarah,student
emily.smith3@sjsu.edu,welcomeemily,student
sarah.rodriguez4@sjsu.edu,welcomesarah,student
jane.williams2@sjsu.edu,welcomejane,student
david.miller9@sjsu.edu,welcomedavid,student
robert.martinez6@sjsu.edu,welcomerobert,student
david.davis7@sjsu.edu,welcomedavid,student
sarah.miller2@sjsu.edu,welcomesarah,student
alex.johnson7@sjsu.edu,welcomealex,student
laura.martinez6@sjsu.edu,welcomelaura,student
emma.johnson@sjsu.edu,welcomeemma,student
emma.williams1@sjsu.edu,welcomeemma,student
sarah.miller3@sjsu.edu,welcomesarah,student
emily.miller5@sjsu.edu,welcomeemily,student
emma.brown8@sjsu.edu,welcomeemma,student
jane.smith4@sjsu.edu,welcomejane,student
michael.davis6@sjsu.edu,welcomemichael,student
michael.jones7@sjsu.edu,welcomemichael,student
john.williams6@sjsu.edu,welcomejohn,student
emily.williams3@sjsu.edu,welcomeemily,student
alex.williams4@sjsu.edu,welcomealex,student
jane.miller5@sjsu.edu,welcomejane,student
emma.jones8@sjsu.edu,welcomeemma,student
emma.williams2@sjsu.edu,welcomeemma,student
david.smith6@sjsu.edu,welcomedavid,student
laura.johnson4@sjsu.edu,welcomelaura,student
sarah.martinez3@sjsu.edu,welcomesarah,student
emily.rodriguez2@sjsu.edu,welcomeemily,student
laura.davis7@sjsu.edu,welcomelaura,student
laura.smith5@sjsu.edu,welcomelaura,student
laura.smith6@sjsu.edu,welcomelaura,student
michael.williams3@sjsu.edu,welcomemichael,student
david.rodriguez5@sjsu.edu,welcomedavid,student
emma.williams3@sjsu.edu,welcomeemma,student
jane.johnson6@sjsu.edu,welcomejane,student
emma.garcia4@sjsu.edu,welcomeemma,student
jane.williams3@sjsu.edu,welcomejane,student
alex.brown7@sjsu.edu,welcomealex,student
emily.garcia7@sjsu.edu,welcomeemily,student
sarah.davis1@sjsu.edu,welcomesarah,student
emily.garcia8@sjsu.edu,welcomeemily,student
alex.garcia6@sjsu.edu,welcomealex,student
david.jones9@sjsu.edu,welcomedavid,student
david.martinez6@sjsu.edu,welcomedavid,student
robert.johnson6@sjsu.edu,welcomerobert,student
emily.davis4@sjsu.edu,welcomeemily,student
emily.miller6@sjsu.edu,welcomeemily,student
laura.smith7@sjsu.edu,welcomelaura,student
laura.rodriguez2@sjsu.edu,welcomelaura,student
alex.garcia7@sjsu.edu,welcomealex,student
laura.jones6@sjsu.edu,welcomelaura,student
john.smith2@sjsu.edu,welcomejohn,student
john.garcia5@sjsu.edu,welcomejohn,student
emma.brown9@sjsu.edu,welcomeemma,student
michael.smith5@sjsu.edu,welcomemichael,student
robert.jones7@sjsu.edu,welcomerobert,student
sarah.miller4@sjsu.edu,welcomesarah,student
alex.jones7@sjsu.edu,welcomealex,student
sarah.rodriguez5@sjsu.edu,welcomesarah,student
sarah.davis2@sjsu.edu,welcomesarah,student
jane.davis3@sjsu.edu,welcomejane,student
emily.garcia9@sjsu.edu,welcomeemily,student
michael.johnson4@sjsu.edu,welcomemichael,student
david.johnson6@sjsu.edu,welcomedavid,student
robert.johnson7@sjsu.edu,welcomerobert,student
laura.garcia3@sjsu.edu,welcomelaura,student
alex.jones8@sjsu.edu,welcomealex,student
michael.smith6@sjsu.edu,welcomemichael,student
robert.davis1@sjsu.edu,welcomerobert,student
michael.jones8@sjsu.edu,welcomemichael,student
jane.rodriguez3@sjsu.edu,welcomejane,student
jane.rodriguez4@sjsu.edu,welcomejane,student
david.williams6@sjsu.edu,welcomedavid,student
robert.johnson8@sjsu.edu,welcomerobert,student
laura.garcia4@sjsu.edu,welcomelaura,student
john.davis5@sjsu.edu,welcomejohn,student
emily.brown4@sjsu.edu,welcomeemily,student
michael.miller5@sjsu.edu,welcomemichael,student
robert.garcia3@sjsu.edu,welcomerobert,student
emily.rodriguez3@sjsu.edu,welcomeemily,student
emily.miller7@sjsu.edu,welcomeemily,student
emma.rodriguez3@sjsu.edu,welcomeemma,student
sarah.brown4@sjsu.edu,welcomesarah,student
emma.martinez5@sjsu.edu,welcomeemma,student
alex.jones9@sjsu.edu,welcomealex,student
emily.williams4@sjsu.edu,welcomeemily,student
laura.johnson5@sjsu.edu,welcomelaura,student
michael.johnson5@sjsu.edu,welcomemichael,student
sarah.martinez4@sjsu.edu,welcomesarah,student
laura.smith8@sjsu.edu,welcomelaura,student
david.garcia5@sjsu.edu,welcomedavid,student
emily.brown5@sjsu.edu,welcomeemily,student
emily.johnson6@sjsu.edu,welcomeemily,student
laura.rodriguez3@sjsu.edu,welcomelaura,student
emma.rodriguez4@sjsu.edu,welcomeemma,student
alex.davis9@sjsu.edu,welcomealex,student
david.miller10@sjsu.edu,welcomedavid,student
david.jones10@sjsu.edu,welcomedavid,student
laura.jones7@sjsu.edu,welcomelaura,student
laura.davis8@sjsu.edu,welcomelaura,student
david.smith7@sjsu.edu,welcomedavid,student
emily.jones3@sjsu.edu,welcomeemily,student
michael.jones9@sjsu.edu,welcomemichael,student
robert.davis2@sjsu.edu,welcomerobert,student
john.johnson5@sjsu.edu,welcomejohn,student
emily.miller8@sjsu.edu,welcomeemily,student
robert.smith9@sjsu.edu,welcomerobert,student
jane.brown6@sjsu.edu,welcomejane,student
robert.martinez7@sjsu.edu,welcomerobert,student
jane.johnson7@sjsu.edu,welcomejane,student
laura.brown4@sjsu.edu,welcomelaura,student
jane.johnson8@sjsu.edu,welcomejane,student
alex.rodriguez4@sjsu.edu,welcomealex,student
sarah.williams7@sjsu.edu,welcomesarah,student
michael.johnson6@sjsu.edu,welcomemichael,student
laura.johnson6@sjsu.edu,welcomelaura,student
alex.garcia8@sjsu.edu,welcomealex,student
john.williams7@sjsu.edu,welcomejohn,student
laura.garcia5@sjsu.edu,welcomelaura,student
jane.johnson9@sjsu.edu,welcomejane,student
alex.martinez7@sjsu.edu,welcomealex,student
laura.williams5@sjsu.edu,welcomelaura,student
laura.miller2@sjsu.edu,welcomelaura,student
david.davis8@sjsu.edu,welcomedavid,student
laura.brown5@sjsu.edu,welcomelaura,student
michael.smith7@sjsu.edu,welcomemichael,student
laura.smith9@sjsu.edu,welcomelaura,student
laura.martinez7@sjsu.edu,welcomelaura,student
laura.brown6@sjsu.edu,welcomelaura,student
john.rodriguez7@sjsu.edu,welcomejohn,student
emma.smith3@sjsu.edu,welcomeemma,student
emily.rodriguez4@sjsu.edu,welcomeemily,student
alex.jones10@sjsu.edu,welcomealex,student
michael.jones10@sjsu.edu,welcomemichael,student
jane.williams4@sjsu.edu,welcomejane,student
sarah.martinez5@sjsu.edu,welcomesarah,student
robert.williams2@sjsu.edu,welcomerobert,student
jane.williams5@sjsu.edu,welcomejane,student
alex.miller5@sjsu.edu,welcomealex,student
emily.jones4@sjsu.edu,welcomeemily,student
emma.martinez6@sjsu.edu,welcomeemma,student
jane.williams6@sjsu.edu,welcomejane,student
laura.garcia6@sjsu.edu,welcomelaura,student
emily.brown6@sjsu.edu,welcomeemily,student
robert.miller5@sjsu.edu,welcomerobert,student
laura.davis9@sjsu.edu,welcomelaura,student
michael.brown6@sjsu.edu,welcomemichael,student
laura.miller3@sjsu.edu,welcomelaura,student
alex.johnson8@sjsu.edu,welcomealex,student
john.jones10@sjsu.edu,welcomejohn,student
emma.davis9@sjsu.edu,welcomeemma,student
alex.brown8@sjsu.edu,welcomealex,student
david.miller11@sjsu.edu,welcomedavid,student
michael.johnson7@sjsu.edu,welcomemichael,student
emma.martinez7@sjsu.edu,welcomeemma,student
emma.miller3@sjsu.edu,welcomeemma,student
john.brown2@sjsu.edu,welcomejohn,student
emily.rodriguez5@sjsu.edu,welcomeemily,student
laura.johnson7@sjsu.edu,welcomelaura,student
jane.williams7@sjsu.edu,welcomejane,student
emma.miller4@sjsu.edu,welcomeemma,student
michael.davis7@sjsu.edu,welcomemichael,student
alex.brown9@sjsu.edu,welcomealex,student
laura.williams6@sjsu.edu,welcomelaura,student
emily.smith4@sjsu.edu,welcomeemily,student
emily.jones5@sjsu.edu,welcomeemily,student
emma.jones9@sjsu.edu,welcomeemma,student
laura.smith10@sjsu.edu,welcomelaura,student
jane.miller6@sjsu.edu,welcomejane,student
laura.jones8@sjsu.edu,welcomelaura,student
jane.davis4@sjsu.edu,welcomejane,student
john.johnson6@sjsu.edu,welcomejohn,student
robert.brown2@sjsu.edu,welcomerobert,student
alex.rodriguez5@sjsu.edu,welcomealex,student
michael.jones11@sjsu.edu,welcomemichael,student
david.davis9@sjsu.edu,welcomedavid,student
sarah.brown5@sjsu.edu,welcomesarah,student
jane.brown7@sjsu.edu,welcomejane,student
jane.brown8@sjsu.edu,welcomejane,student
david.martinez7@sjsu.edu,welcomedavid,student
laura.davis10@sjsu.edu,welcomelaura,student
michael.johnson8@sjsu.edu,welcomemichael,student
laura.smith11@sjsu.edu,welcomelaura,student
laura.garcia7@sjsu.edu,welcomelaura,student
john.jones11@sjsu.edu,welcomejohn,student
emily.rodriguez6@sjsu.edu,welcomeemily,student
jane.johnson10@sjsu.edu,welcomejane,student
alex.miller6@sjsu.edu,welcomealex,student
michael.garcia5@sjsu.edu,welcomemichael,student
alex.jones11@sjsu.edu,welcomealex,student
laura.brown7@sjsu.edu,welcomelaura,student
david.johnson7@sjsu.edu,welcomedavid,student
david.garcia6@sjsu.edu,welcomedavid,student
robert.miller6@sjsu.edu,welcomerobert,student
emma.johnson1@sjsu.edu,welcomeemma,student
alex.garcia9@sjsu.edu,welcomealex,student
laura.martinez8@sjsu.edu,welcomelaura,student
emily.martinez4@sjsu.edu,welcomeemily,student
emma.brown10@sjsu.edu,welcomeemma,student
robert.martinez8@sjsu.edu,welcomerobert,student
david.brown7@sjsu.edu,welcomedavid,student
jane.jones4@sjsu.edu,welcomejane,student
michael.brown7@sjsu.edu,welcomemichael,student
alex.miller7@sjsu.edu,welcomealex,student
emily.brown7@sjsu.edu,welcomeemily,student
alex.rodriguez6@sjsu.edu,welcomealex,student
robert.davis3@sjsu.edu,welcomerobert,student
michael.martinez4@sjsu.edu,welcomemichael,student
emily.miller9@sjsu.edu,welcomeemily,student
laura.garcia8@sjsu.edu,welcomelaura,student
emma.brown11@sjsu.edu,welcomeemma,student
robert.williams3@sjsu.edu,welcomerobert,student
john.garcia6@sjsu.edu,welcomejohn,student
sarah.garcia5@sjsu.edu,welcomesarah,student
laura.smith12@sjsu.edu,welcomelaura,student
michael.davis8@sjsu.edu,welcomemichael,student
sarah.johnson4@sjsu.edu,welcomesarah,student
emily.miller10@sjsu.edu,welcomeemily,student
emily.martinez5@sjsu.edu,welcomeemily,student
john.rodriguez8@sjsu.edu,welcomejohn,student
sarah.martinez6@sjsu.edu,welcomesarah,student
emma.garcia5@sjsu.edu,welcomeemma,student
david.rodriguez6@sjsu.edu,welcomedavid,student
alex.rodriguez7@sjsu.edu,welcomealex,student
michael.williams4@sjsu.edu,welcomemichael,student
sarah.smith7@sjsu.edu,welcomesarah,student
jane.garcia4@sjsu.edu,welcomejane,student
laura.martinez9@sjsu.edu,welcomelaura,student
emily.brown8@sjsu.edu,welcomeemily,student
alex.smith5@sjsu.edu,welcomealex,student
jane.smith5@sjsu.edu,welcomejane,student
jane.martinez3@sjsu.edu,welcomejane,student
laura.smith13@sjsu.edu,welcomelaura,student
emma.garcia6@sjsu.edu,welcomeemma,student
john.martinez2@sjsu.edu,welcomejohn,student
emily.miller11@sjsu.edu,welcomeemily,student
emma.smith4@sjsu.edu,welcomeemma,student
john.martinez3@sjsu.edu,welcomejohn,student
robert.davis4@sjsu.edu,welcomerobert,student
jane.johnson11@sjsu.edu,welcomejane,student
john.rodriguez9@sjsu.edu,welcomejohn,student
emily.rodriguez7@sjsu.edu,welcomeemily,student
laura.williams7@sjsu.edu,welcomelaura,student
jane.miller7@sjsu.edu,welcomejane,student
emma.garcia7@sjsu.edu,welcomeemma,student
laura.rodriguez4@sjsu.edu,welcomelaura,student
david.miller12@sjsu.edu,welcomedavid,student
jane.rodriguez5@sjsu.edu,welcomejane,student
jane.johnson12@sjsu.edu,welcomejane,student
david.martinez8@sjsu.edu,welcomedavid,student
jane.jones5@sjsu.edu,welcomejane,student
emma.johnson2@sjsu.edu,welcomeemma,student
alex.rodriguez8@sjsu.edu,welcomealex,student
robert.miller7@sjsu.edu,welcomerobert,student
emily.jones6@sjsu.edu,welcomeemily,student
sarah.johnson5@sjsu.edu,welcomesarah,student
emily.williams5@sjsu.edu,welcomeemily,student
emily.martinez6@sjsu.edu,welcomeemily,student
emily.davis5@sjsu.edu,welcomeemily,student
david.johnson8@sjsu.edu,welcomedavid,student
alex.garcia10@sjsu.edu,welcomealex,student
jane.rodriguez6@sjsu.edu,welcomejane,student
sarah.williams8@sjsu.edu,welcomesarah,student
laura.davis11@sjsu.edu,welcomelaura,student
david.williams7@sjsu.edu,welcomedavid,student
john.martinez4@sjsu.edu,welcomejohn,student
michael.brown8@sjsu.edu,welcomemichael,student
alex.miller8@sjsu.edu,welcomealex,student
emily.davis6@sjsu.edu,welcomeemily,student
david.martinez9@sjsu.edu,welcomedavid,student
jane.martinez4@sjsu.edu,welcomejane,student
john.brown3@sjsu.edu,welcomejohn,student
sarah.johnson6@sjsu.edu,welcomesarah,student
michael.johnson9@sjsu.edu,welcomemichael,student
robert.davis5@sjsu.edu,welcomerobert,student
emma.garcia8@sjsu.edu,welcomeemma,student
laura.garcia9@sjsu.edu,welcomelaura,student
emily.martinez7@sjsu.edu,welcomeemily,student
emily.garcia10@sjsu.edu,welcomeemily,student
laura.davis12@sjsu.edu,welcomelaura,student
michael.garcia6@sjsu.edu,welcomemichael,student
emily.brown9@sjsu.edu,welcomeemily,student
alex.davis10@sjsu.edu,welcomealex,student
emily.garcia11@sjsu.edu,welcomeemily,student
alex.rodriguez9@sjsu.edu,welcomealex,student
john.jones12@sjsu.edu,welcomejohn,student
jane.jones6@sjsu.edu,welcomejane,student
david.smith8@sjsu.edu,welcomedavid,student
michael.miller6@sjsu.edu,welcomemichael,student
jane.miller8@sjsu.edu,welcomejane,student
laura.davis13@sjsu.edu,welcomelaura,student
jane.martinez5@sjsu.edu,welcomejane,student
robert.martinez9@sjsu.edu,welcomerobert,student
alex.garcia11@sjsu.edu,welcomealex,student
robert.garcia4@sjsu.edu,welcomerobert,student
david.martinez10@sjsu.edu,welcomedavid,student
robert.martinez10@sjsu.edu,welcomerobert,student
alex.rodriguez10@sjsu.edu,welcomealex,student
emily.smith5@sjsu.edu,welcomeemily,student
laura.martinez10@sjsu.edu,welcomelaura,student
david.smith9@sjsu.edu,welcomedavid,student
sarah.jones9@sjsu.edu,welcomesarah,student
jane.martinez6@sjsu.edu,welcomejane,student
alex.rodriguez11@sjsu.edu,welcomealex,student
robert.miller8@sjsu.edu,welcomerobert,student
jane.smith6@sjsu.edu,welcomejane,student
sarah.garcia6@sjsu.edu,welcomesarah,student
emily.smith6@sjsu.edu,welcomeemily,student
alex.williams5@sjsu.edu,welcomealex,student
john.johnson7@sjsu.edu,welcomejohn,student
emily.jones7@sjsu.edu,welcomeemily,student
alex.garcia12@sjsu.edu,welcomealex,student
sarah.garcia7@sjsu.edu,welcomesarah,student
emma.davis10@sjsu.edu,welcomeemma,student
robert.williams4@sjsu.edu,welcomerobert,student
laura.brown8@sjsu.edu,welcomelaura,student
michael.garcia7@sjsu.edu,welcomemichael,student
sarah.johnson7@sjsu.edu,welcomesarah,student
john.brown4@sjsu.edu,welcomejohn,student
emily.williams6@sjsu.edu,welcomeemily,student
jane.davis5@sjsu.edu,welcomejane,student
alex.garcia13@sjsu.edu,welcomealex,student
john.smith3@sjsu.edu,welcomejohn,student
emily.brown10@sjsu.edu,welcomeemily,student
jane.jones7@sjsu.edu,welcomejane,student
laura.johnson8@sjsu.edu,welcomelaura,student
alex.garcia14@sjsu.edu,welcomealex,student
michael.jones12@sjsu.edu,welcomemichael,student
david.miller13@sjsu.edu,welcomedavid,student
sarah.miller5@sjsu.edu,welcomesarah,student
michael.johnson10@sjsu.edu,welcomemichael,student
john.davis6@sjsu.edu,welcomejohn,student
robert.smith10@sjsu.edu,welcomerobert,student
alex.garcia15@sjsu.edu,welcomealex,student
michael.smith8@sjsu.edu,welcomemichael,student
sarah.rodriguez6@sjsu.edu,welcomesarah,student
michael.brown9@sjsu.edu,welcomemichael,student
michael.brown10@sjsu.edu,welcomemichael,student
alex.davis11@sjsu.edu,welcomealex,student
emily.davis7@sjsu.edu,welcomeemily,student
emily.williams7@sjsu.edu,welcomeemily,student
laura.martinez11@sjsu.edu,welcomelaura,student
michael.williams5@sjsu.edu,welcomemichael,student
alex.smith6@sjsu.edu,welcomealex,student
robert.smith11@sjsu.edu,welcomerobert,student
emily.williams8@sjsu.edu,welcomeemily,student
laura.rodriguez5@sjsu.edu,welcomelaura,student
jane.garcia5@sjsu.edu,welcomejane,student
alex.rodriguez12@sjsu.edu,welcomealex,student
david.martinez11@sjsu.edu,welcomedavid,student
alex.miller9@sjsu.edu,welcomealex,student
laura.davis14@sjsu.edu,welcomelaura,student
michael.martinez5@sjsu.edu,welcomemichael,student
john.jones13@sjsu.edu,welcomejohn,student
emily.smith7@sjsu.edu,welcomeemily,student
david.davis10@sjsu.edu,welcomedavid,student
emma.rodriguez5@sjsu.edu,welcomeemma,student
sarah.garcia8@sjsu.edu,welcomesarah,student
david.brown8@sjsu.edu,welcomedavid,student
emily.smith8@sjsu.edu,welcomeemily,student
alex.jones12@sjsu.edu,welcomealex,student
alex.martinez8@sjsu.edu,welcomealex,student
emma.martinez8@sjsu.edu,welcomeemma,student
jane.martinez7@sjsu.edu,welcomejane,student
emma.miller5@sjsu.edu,welcomeemma,student
david.garcia7@sjsu.edu,welcomedavid,student
emily.williams9@sjsu.edu,welcomeemily,student
david.davis11@sjsu.edu,welcomedavid,student
john.martinez5@sjsu.edu,welcomejohn,student
emily.martinez8@sjsu.edu,welcomeemily,student
laura.miller4@sjsu.edu,welcomelaura,student
john.brown5@sjsu.edu,welcomejohn,student
michael.williams6@sjsu.edu,welcomemichael,student
emma.williams4@sjsu.edu,welcomeemma,student
alex.davis12@sjsu.edu,welcomealex,student
sarah.rodriguez7@sjsu.edu,welcomesarah,student
john.williams8@sjsu.edu,welcomejohn,student
robert.davis6@sjsu.edu,welcomerobert,student
michael.williams7@sjsu.edu,welcomemichael,student
robert.garcia5@sjsu.edu,welcomerobert,student
john.johnson8@sjsu.edu,welcomejohn,student
michael.smith9@sjsu.edu,welcomemichael,student
robert.johnson9@sjsu.edu,welcomerobert,student
john.miller3@sjsu.edu,welcomejohn,student
emily.williams10@sjsu.edu,welcomeemily,student
emily.garcia12@sjsu.edu,welcomeemily,student
david.davis12@sjsu.edu,welcomedavid,student
emma.jones10@sjsu.edu,welcomeemma,student
michael.garcia8@sjsu.edu,welcomemichael,student
alex.rodriguez13@sjsu.edu,welcomealex,student
jane.garcia6@sjsu.edu,welcomejane,student
sarah.smith8@sjsu.edu,welcomesarah,student
jane.smith7@sjsu.edu,welcomejane,student
michael.miller7@sjsu.edu,welcomemichael,student
robert.johnson10@sjsu.edu,welcomerobert,student
sarah.martinez7@sjsu.edu,welcomesarah,student
alex.smith7@sjsu.edu,welcomealex,student
laura.williams8@sjsu.edu,welcomelaura,student
sarah.martinez8@sjsu.edu,welcomesarah,student
laura.rodriguez6@sjsu.edu,welcomelaura,student
sarah.johnson8@sjsu.edu,welcomesarah,student
emma.jones11@sjsu.edu,welcomeemma,student
alex.rodriguez14@sjsu.edu,welcomealex,student
jane.miller9@sjsu.edu,welcomejane,student
robert.williams5@sjsu.edu,welcomerobert,student
michael.johnson11@sjsu.edu,welcomemichael,student
emma.miller6@sjsu.edu,welcomeemma,student
john.smith4@sjsu.edu,welcomejohn,student
robert.garcia6@sjsu.edu,welcomerobert,student
david.garcia8@sjsu.edu,welcomedavid,student
emily.davis8@sjsu.edu,welcomeemily,student
emily.martinez9@sjsu.edu,welcomeemily,student
jane.garcia7@sjsu.edu,welcomejane,student
david.rodriguez7@sjsu.edu,welcomedavid,student
jane.johnson13@sjsu.edu,welcomejane,student
laura.davis15@sjsu.edu,welcomelaura,student
jane.johnson14@sjsu.edu,welcomejane,student
sarah.brown6@sjsu.edu,welcomesarah,student
david.williams8@sjsu.edu,welcomedavid,student
laura.johnson9@sjsu.edu,welcomelaura,student
alex.martinez9@sjsu.edu,welcomealex,student
michael.johnson12@sjsu.edu,welcomemichael,student
laura.smith14@sjsu.edu,welcomelaura,student
robert.martinez11@sjsu.edu,welcomerobert,student
michael.jones13@sjsu.edu,welcomemichael,student
david.jones11@sjsu.edu,welcomedavid,student
laura.smith15@sjsu.edu,welcomelaura,student
michael.rodriguez7@sjsu.edu,welcomemichael,student
jane.smith8@sjsu.edu,welcomejane,student
laura.williams9@sjsu.edu,welcomelaura,student
jane.williams8@sjsu.edu,welcomejane,student
michael.miller8@sjsu.edu,welcomemichael,student
sarah.martinez9@sjsu.edu,welcomesarah,student
sarah.smith9@sjsu.edu,welcomesarah,student
alex.martinez10@sjsu.edu,welcomealex,student
robert.johnson11@sjsu.edu,welcomerobert,student
jane.davis6@sjsu.edu,welcomejane,student
emily.davis9@sjsu.edu,welcomeemily,student
michael.johnson13@sjsu.edu,welcomemichael,student
robert.williams6@sjsu.edu,welcomerobert,student
robert.johnson12@sjsu.edu,welcomerobert,student
emma.miller7@sjsu.edu,welcomeemma,student
emma.garcia9@sjsu.edu,welcomeemma,student
michael.jones14@sjsu.edu,welcomemichael,student
sarah.miller6@sjsu.edu,welcomesarah,student
emma.miller8@sjsu.edu,welcomeemma,student
emma.miller9@sjsu.edu,welcomeemma,student
david.davis13@sjsu.edu,welcomedavid,student
emily.williams11@sjsu.edu,welcomeemily,student
emma.rodriguez6@sjsu.edu,welcomeemma,student
alex.rodriguez15@sjsu.edu,welcomealex,student
jane.smith9@sjsu.edu,welcomejane,student
jane.johnson15@sjsu.edu,welcomejane,student
alex.rodriguez16@sjsu.edu,welcomealex,student
emily.smith9@sjsu.edu,welcomeemily,student
david.rodriguez8@sjsu.edu,welcomedavid,student
jane.garcia8@sjsu.edu,welcomejane,student
david.jones12@sjsu.edu,welcomedavid,student
john.rodriguez10@sjsu.edu,welcomejohn,student
emma.davis11@sjsu.edu,welcomeemma,student
robert.martinez12@sjsu.edu,welcomerobert,student
david.brown9@sjsu.edu,welcomedavid,student
alex.williams6@sjsu.edu,welcomealex,student
john.garcia7@sjsu.edu,welcomejohn,student
robert.brown3@sjsu.edu,welcomerobert,student
robert.rodriguez5@sjsu.edu,welcomerobert,student
michael.davis9@sjsu.edu,welcomemichael,student
michael.jones15@sjsu.edu,welcomemichael,student
jane.garcia9@sjsu.edu,welcomejane,student
laura.brown9@sjsu.edu,welcomelaura,student
laura.johnson10@sjsu.edu,welcomelaura,student
laura.davis16@sjsu.edu,welcomelaura,student
sarah.jones10@sjsu.edu,welcomesarah,student
laura.miller5@sjsu.edu,welcomelaura,student
laura.williams10@sjsu.edu,welcomelaura,student
david.garcia9@sjsu.edu,welcomedavid,student
robert.williams7@sjsu.edu,welcomerobert,student
jane.miller10@sjsu.edu,welcomejane,student
laura.rodriguez7@sjsu.edu,welcomelaura,student
michael.jones16@sjsu.edu,welcomemichael,student
jane.garcia10@sjsu.edu,welcomejane,student
emily.garcia13@sjsu.edu,welcomeemily,student
sarah.davis3@sjsu.edu,welcomesarah,student
jane.johnson16@sjsu.edu,welcomejane,student
john.johnson9@sjsu.edu,welcomejohn,student
david.davis14@sjsu.edu,welcomedavid,student
john.garcia8@sjsu.edu,welcomejohn,student
jane.smith10@sjsu.edu,welcomejane,student
robert.johnson13@sjsu.edu,welcomerobert,student
robert.miller9@sjsu.edu,welcomerobert,student
laura.rodriguez8@sjsu.edu,welcomelaura,student
laura.rodriguez9@sjsu.edu,welcomelaura,student
david.miller14@sjsu.edu,welcomedavid,student
robert.rodriguez6@sjsu.edu,welcomerobert,student
michael.garcia9@sjsu.edu,welcomemichael,student
john.martinez6@sjsu.edu,welcomejohn,student
emma.miller10@sjsu.edu,welcomeemma,student
robert.rodriguez7@sjsu.edu,welcomerobert,student
emma.garcia10@sjsu.edu,welcomeemma,student
emma.davis12@sjsu.edu,welcomeemma,student
david.jones13@sjsu.edu,welcomedavid,student
david.rodriguez9@sjsu.edu,welcomedavid,student
sarah.jones11@sjsu.edu,welcomesarah,student
john.miller4@sjsu.edu,welcomejohn,student
david.garcia10@sjsu.edu,welcomedavid,student
emily.miller12@sjsu.edu,welcomeemily,student
emily.garcia14@sjsu.edu,welcomeemily,student
emily.martinez10@sjsu.edu,welcomeemily,student
laura.martinez12@sjsu.edu,welcomelaura,student
david.smith10@sjsu.edu,welcomedavid,student
emma.jones12@sjsu.edu,welcomeemma,student
alex.brown10@sjsu.edu,welcomealex,student
david.miller15@sjsu.edu,welcomedavid,student
david.smith11@sjsu.edu,welcomedavid,student
john.williams9@sjsu.edu,welcomejohn,professor
sarah.martinez10@sjsu.edu,welcomesarah,professor
alex.miller10@sjsu.edu,welcomealex,professor
david.jones14@sjsu.edu,welcomedavid,professor
david.williams9@sjsu.edu,welcomedavid,professor
emily.jones8@sjsu.edu,welcomeemily,professor
michael.johnson14@sjsu.edu,welcomemichael,professor
robert.miller10@sjsu.edu,welcomerobert,professor
laura.williams11@sjsu.edu,welcomelaura,professor
michael.williams8@sjsu.edu,welcomemichael,professor
alex.davis13@sjsu.edu,welcomealex,professor
laura.davis17@sjsu.edu,welcomelaura,professor
robert.martinez13@sjsu.edu,welcomerobert,professor
david.martinez12@sjsu.edu,welcomedavid,professor
laura.smith16@sjsu.edu,welcomelaura,professor
alex.smith8@sjsu.edu,welcomealex,professor
laura.johnson11@sjsu.edu,welcomelaura,professor
laura.davis18@sjsu.edu,welcomelaura,professor
michael.williams9@sjsu.edu,welcomemichael,professor
laura.davis19@sjsu.edu,welcomelaura,professor
sarah.johnson9@sjsu.edu,welcomesarah,professor
emily.rodriguez8@sjsu.edu,welcomeemily,professor
david.williams10@sjsu.edu,welcomedavid,professor
emma.davis13@sjsu.edu,welcomeemma,professor
alex.williams7@sjsu.edu,welcomealex,professor
jane.jones8@sjsu.edu,welcomejane,professor
laura.brown10@sjsu.edu,welcomelaura,professor
david.jones15@sjsu.edu,welcomedavid,professor
laura.williams12@sjsu.edu,welcomelaura,professor
michael.johnson15@sjsu.edu,welcomemichael,professor
